{"current":{"logo":"shopify:\/\/shop_images\/94D81258-C77A-41F1-8741-F9E56BA7AA32.png","logo_width":50,"favicon":"shopify:\/\/shop_images\/F3A00737-1194-412B-BF26-58CF87CB77A6.png","colors_solid_button_labels":"{{ shop.brand.colors.primary[0].background }}","colors_accent_1":"#00c2ff","gradient_accent_1":"","colors_accent_2":"#00fff4","gradient_accent_2":"","colors_text":"#000000","colors_outline_button_labels":"{{ shop.brand.colors.secondary[1].background }}","colors_background_1":"#00c2ff","gradient_background_1":"linear-gradient(70deg, rgba(0, 194, 255, 1) 3.237%, rgba(76, 255, 0, 1) 13%, rgba(8, 255, 12, 1) 38%, rgba(13, 157, 255, 1) 42%, rgba(9, 233, 244, 1) 77%, rgba(25, 255, 177, 1) 89.209%)","colors_background_2":"#00ff2a","gradient_background_2":"linear-gradient(70deg, rgba(78, 176, 236, 1) 3.801%, rgba(0, 255, 15, 0.84) 7%, rgba(0, 64, 255, 1) 24%, rgba(70, 88, 236, 1) 26%, rgba(13, 255, 67, 1) 39%, rgba(70, 201, 236, 1) 52%, rgba(78, 236, 172, 0.74) 70%, rgba(61, 228, 236, 1) 71%, rgba(78, 176, 236, 1) 80.409%, rgba(30, 250, 0, 1) 93%)","type_header_font":"sans-serif","heading_scale":120,"type_body_font":"archivo_narrow_n4","body_scale":100,"page_width":1600,"spacing_sections":0,"spacing_grid_horizontal":8,"spacing_grid_vertical":12,"buttons_border_thickness":2,"buttons_border_opacity":100,"buttons_radius":32,"buttons_shadow_opacity":20,"buttons_shadow_horizontal_offset":-4,"buttons_shadow_vertical_offset":-4,"buttons_shadow_blur":20,"variant_pills_border_thickness":1,"variant_pills_border_opacity":55,"variant_pills_radius":40,"variant_pills_shadow_opacity":0,"variant_pills_shadow_horizontal_offset":0,"variant_pills_shadow_vertical_offset":4,"variant_pills_shadow_blur":5,"inputs_border_thickness":1,"inputs_border_opacity":55,"inputs_radius":26,"inputs_shadow_opacity":0,"inputs_shadow_horizontal_offset":0,"inputs_shadow_vertical_offset":-2,"inputs_shadow_blur":5,"card_style":"card","card_image_padding":16,"card_text_alignment":"left","card_color_scheme":"accent-2","card_border_thickness":1,"card_border_opacity":100,"card_corner_radius":18,"card_shadow_opacity":0,"card_shadow_horizontal_offset":0,"card_shadow_vertical_offset":4,"card_shadow_blur":5,"collection_card_style":"card","collection_card_image_padding":8,"collection_card_text_alignment":"left","collection_card_color_scheme":"background-1","collection_card_border_thickness":1,"collection_card_border_opacity":100,"collection_card_corner_radius":18,"collection_card_shadow_opacity":0,"collection_card_shadow_horizontal_offset":0,"collection_card_shadow_vertical_offset":4,"collection_card_shadow_blur":5,"blog_card_style":"card","blog_card_image_padding":16,"blog_card_text_alignment":"left","blog_card_color_scheme":"background-1","blog_card_border_thickness":1,"blog_card_border_opacity":100,"blog_card_corner_radius":18,"blog_card_shadow_opacity":0,"blog_card_shadow_horizontal_offset":0,"blog_card_shadow_vertical_offset":4,"blog_card_shadow_blur":5,"text_boxes_border_thickness":4,"text_boxes_border_opacity":15,"text_boxes_radius":20,"text_boxes_shadow_opacity":0,"text_boxes_shadow_horizontal_offset":0,"text_boxes_shadow_vertical_offset":4,"text_boxes_shadow_blur":5,"media_border_thickness":4,"media_border_opacity":10,"media_radius":20,"media_shadow_opacity":0,"media_shadow_horizontal_offset":0,"media_shadow_vertical_offset":4,"media_shadow_blur":5,"popup_border_thickness":1,"popup_border_opacity":10,"popup_corner_radius":18,"popup_shadow_opacity":0,"popup_shadow_horizontal_offset":0,"popup_shadow_vertical_offset":4,"popup_shadow_blur":5,"drawer_border_thickness":4,"drawer_border_opacity":10,"drawer_shadow_opacity":0,"drawer_shadow_horizontal_offset":0,"drawer_shadow_vertical_offset":4,"drawer_shadow_blur":5,"badge_position":"top left","badge_corner_radius":0,"sale_badge_color_scheme":"background-2","sold_out_badge_color_scheme":"inverse","accent_icons":"outline-button","brand_image":"shopify:\/\/shop_images\/F3A00737-1194-412B-BF26-58CF87CB77A6.png","social_facebook_link":"facebook.com\/frizonbuilds","social_instagram_link":"instagram.com\/frizonbuilds","social_youtube_link":"https:\/\/youtube.com\/frizonbuilds","social_tiktok_link":"tiktok.com\/@frizonbuilds","social_twitter_link":"","social_snapchat_link":"","social_pinterest_link":"","social_tumblr_link":"","social_vimeo_link":"","predictive_search_enabled":true,"predictive_search_show_vendor":true,"predictive_search_show_price":true,"currency_code_enabled":true,"cart_type":"notification","show_vendor":true,"show_cart_note":true,"cart_drawer_collection":"frontpage","checkout_header_image":"shopify:\/\/shop_images\/B1CC214D-527B-4EA9-8134-1C2A44DB8F29.png","checkout_logo_image":"shopify:\/\/shop_images\/B1CC214D-527B-4EA9-8134-1C2A44DB8F29.png","checkout_body_background_image":"shopify:\/\/shop_images\/B1CC214D-527B-4EA9-8134-1C2A44DB8F29.png","checkout_body_background_color":"#000000","checkout_sidebar_background_image":"shopify:\/\/shop_images\/B1CC214D-527B-4EA9-8134-1C2A44DB8F29.png","checkout_accent_color":"#ffffff","checkout_button_color":"#1eff00","sections":{"announcement-bar":{"type":"announcement-bar","settings":{}},"header":{"type":"header","custom_css":[],"settings":{"color_scheme":"accent-2","logo_position":"top-center","menu":"frizon","menu_type_desktop":"dropdown","show_line_separator":false,"mobile_logo_position":"center","margin_bottom":8,"padding_top":4,"padding_bottom":4}},"footer":{"type":"footer","blocks":{"footer-0":{"type":"link_list","settings":{"heading":"2023 Frizon Co.","menu":"frizon"}},"footer-1":{"type":"link_list","settings":{"heading":"","menu":"main-menu"}},"text":{"type":"text","settings":{"heading":"","subtext":""}},"image":{"type":"image","settings":{"image":"shopify:\/\/shop_images\/3362B5E9-7BD5-4EC8-9B22-B36BEA01A7D2.png","image_width":100,"alignment":"center"}}},"block_order":["footer-0","footer-1","text","image"],"settings":{"color_scheme":"background-1","newsletter_enable":true,"newsletter_heading":"Login to Frizon","show_social":true,"enable_country_selector":true,"enable_language_selector":true,"payment_enable":true,"margin_top":0,"padding_top":20,"padding_bottom":20}},"main-password-header":{"type":"main-password-header","settings":{"color_scheme":"inverse"}},"main-password-footer":{"type":"main-password-footer","settings":{"color_scheme":"inverse"}}},"content_for_index":[]},"presets":{"Default":{"logo_width":140,"colors_solid_button_labels":"#ffffff","colors_accent_1":"#4770db","gradient_accent_1":"","colors_accent_2":"#0e1b4d","gradient_accent_2":"","colors_text":"#0e1b4d","colors_outline_button_labels":"#0e1b4d","colors_background_1":"#eff0f5","gradient_background_1":"","colors_background_2":"#FFFFFF","gradient_background_2":"","type_header_font":"archivo_n7","heading_scale":110,"type_body_font":"questrial_n4","body_scale":105,"page_width":1200,"spacing_sections":0,"spacing_grid_horizontal":28,"spacing_grid_vertical":28,"buttons_border_thickness":1,"buttons_border_opacity":100,"buttons_radius":40,"buttons_shadow_opacity":0,"buttons_shadow_horizontal_offset":0,"buttons_shadow_vertical_offset":4,"buttons_shadow_blur":5,"variant_pills_border_thickness":1,"variant_pills_border_opacity":55,"variant_pills_radius":40,"variant_pills_shadow_opacity":0,"variant_pills_shadow_horizontal_offset":0,"variant_pills_shadow_vertical_offset":4,"variant_pills_shadow_blur":5,"inputs_border_thickness":1,"inputs_border_opacity":55,"inputs_radius":26,"inputs_shadow_opacity":0,"inputs_shadow_horizontal_offset":0,"inputs_shadow_vertical_offset":4,"inputs_shadow_blur":5,"card_style":"card","card_image_padding":16,"card_text_alignment":"left","card_color_scheme":"background-1","card_border_thickness":1,"card_border_opacity":100,"card_corner_radius":18,"card_shadow_opacity":0,"card_shadow_horizontal_offset":0,"card_shadow_vertical_offset":4,"card_shadow_blur":5,"collection_card_style":"card","collection_card_image_padding":16,"collection_card_text_alignment":"left","collection_card_color_scheme":"background-1","collection_card_border_thickness":1,"collection_card_border_opacity":100,"collection_card_corner_radius":18,"collection_card_shadow_opacity":0,"collection_card_shadow_horizontal_offset":0,"collection_card_shadow_vertical_offset":4,"collection_card_shadow_blur":5,"blog_card_style":"card","blog_card_image_padding":16,"blog_card_text_alignment":"left","blog_card_color_scheme":"background-1","blog_card_border_thickness":1,"blog_card_border_opacity":100,"blog_card_corner_radius":18,"blog_card_shadow_opacity":0,"blog_card_shadow_horizontal_offset":0,"blog_card_shadow_vertical_offset":4,"blog_card_shadow_blur":5,"text_boxes_border_thickness":0,"text_boxes_border_opacity":10,"text_boxes_radius":20,"text_boxes_shadow_opacity":0,"text_boxes_shadow_horizontal_offset":0,"text_boxes_shadow_vertical_offset":4,"text_boxes_shadow_blur":5,"media_border_thickness":0,"media_border_opacity":10,"media_radius":20,"media_shadow_opacity":0,"media_shadow_horizontal_offset":0,"media_shadow_vertical_offset":4,"media_shadow_blur":5,"popup_border_thickness":1,"popup_border_opacity":10,"popup_corner_radius":18,"popup_shadow_opacity":0,"popup_shadow_horizontal_offset":0,"popup_shadow_vertical_offset":4,"popup_shadow_blur":5,"drawer_border_thickness":0,"drawer_border_opacity":10,"drawer_shadow_opacity":0,"drawer_shadow_horizontal_offset":0,"drawer_shadow_vertical_offset":4,"drawer_shadow_blur":5,"badge_position":"top left","badge_corner_radius":0,"sale_badge_color_scheme":"accent-1","sold_out_badge_color_scheme":"background-1","accent_icons":"text","brand_headline":"","brand_description":"<p><\/p>","brand_image_width":100,"social_twitter_link":"","social_facebook_link":"","social_pinterest_link":"","social_snapchat_link":"","social_instagram_link":"","social_tiktok_link":"","social_tumblr_link":"","social_youtube_link":"","social_vimeo_link":"","predictive_search_enabled":true,"predictive_search_show_vendor":false,"predictive_search_show_price":false,"currency_code_enabled":false,"cart_type":"drawer","show_vendor":false,"show_cart_note":false,"cart_drawer_collection":"","sections":{"main-password-header":{"type":"main-password-header","settings":{"color_scheme":"inverse"}},"main-password-footer":{"type":"main-password-footer","settings":{"color_scheme":"inverse"}}}}},"platform_customizations":{"custom_css":[]}}