{"sections":{"slideshow":{"type":"slideshow","blocks":{"slide":{"type":"slide","settings":{"image":"{{ collection.image }}","heading":"{{ collection.title }}","heading_size":"h0","subheading":"Describe this collection: tell your customers about what types of products they'll find here, and what makes them unique.","button_label":"","link":"","button_style_secondary":false,"box_align":"middle-left","show_text_box":true,"text_alignment":"left","image_overlay_opacity":10,"color_scheme":"background-2","text_alignment_mobile":"left"}}},"block_order":["slide"],"settings":{"layout":"full_bleed","slide_height":"small","slider_visual":"counter","auto_rotate":false,"change_slides_speed":5,"show_text_below":true,"accessibility_info":""}},"banner":{"type":"main-collection-banner","disabled":true,"settings":{"show_collection_description":true,"show_collection_image":false,"color_scheme":"background-1"}},"product-grid":{"type":"main-collection-product-grid","settings":{"products_per_page":24,"columns_desktop":4,"image_ratio":"portrait","show_secondary_image":true,"show_vendor":false,"show_rating":false,"enable_quick_add":true,"enable_filtering":true,"filter_type":"horizontal","enable_sorting":true,"columns_mobile":"2","padding_top":60,"padding_bottom":60}},"image-with-text-0":{"type":"image-with-text","blocks":{"heading":{"type":"heading","settings":{"heading":"Image with text","heading_size":"h0"}},"text":{"type":"text","settings":{"text":"<p>Add details about a product that complements this collection. Consider featuring a gift card or a bestselling product. <\/p>","text_style":"body"}},"button":{"type":"button","settings":{"button_label":"Shop now","button_link":""}}},"block_order":["heading","text","button"],"settings":{"height":"adapt","desktop_image_width":"medium","layout":"text_first","desktop_content_position":"middle","desktop_content_alignment":"left","content_layout":"no-overlap","color_scheme":"background-2","mobile_content_alignment":"left","padding_top":0,"padding_bottom":60}},"image-with-text-1":{"type":"image-with-text","blocks":{"heading":{"type":"heading","settings":{"heading":"Image with text","heading_size":"h1"}},"text":{"type":"text","settings":{"text":"<p>Feature a blog post where customers can learn more about this collection, or about your brand. <\/p>","text_style":"body"}},"button":{"type":"button","settings":{"button_label":"Read blog","button_link":""}}},"block_order":["heading","text","button"],"settings":{"height":"adapt","desktop_image_width":"small","layout":"image_first","desktop_content_position":"middle","desktop_content_alignment":"left","content_layout":"no-overlap","color_scheme":"background-2","mobile_content_alignment":"left","padding_top":0,"padding_bottom":60}},"newsletter":{"type":"newsletter","blocks":{"heading":{"type":"heading","settings":{"heading":"Subscribe to our emails","heading_size":"h1"}},"paragraph":{"type":"paragraph","settings":{"text":"<p>Be the first to know about new collections and exclusive offers.<\/p>"}},"email-form":{"type":"email_form","settings":{}}},"block_order":["heading","paragraph","email-form"],"settings":{"color_scheme":"accent-2","full_width":true,"padding_top":60,"padding_bottom":0}}},"order":["slideshow","banner","product-grid","image-with-text-0","image-with-text-1","newsletter"]}