{"sections":{"newsletter":{"type":"newsletter","blocks":{"a6870c47-2738-4fd7-bfa8-c46d1f2bd271":{"type":"heading","settings":{"heading":"Frizon","heading_size":"h0"}},"email-form":{"type":"email_form","settings":{}},"82289cc8-e9ff-47f9-8ca0-466bbc97a3c4":{"type":"paragraph","settings":{"text":"<h5><em><strong>Website • Marketing • eCommerce • Selling • CRM • Fulfillment • Integrations & more! <\/strong><\/em><\/h5>"}}},"block_order":["a6870c47-2738-4fd7-bfa8-c46d1f2bd271","email-form","82289cc8-e9ff-47f9-8ca0-466bbc97a3c4"],"settings":{"color_scheme":"background-2","full_width":true,"padding_top":8,"padding_bottom":8}},"e843a1a9-a404-4c36-8b70-5745cbaed61b":{"type":"rich-text","blocks":{"template--16739203023104__e843a1a9-a404-4c36-8b70-5745cbaed61b-1680106397b4d513bb-2":{"type":"button","settings":{"button_label":"Login","button_link":"https:\/\/frizonbuilds.com\/account","button_style_secondary":true,"button_label_2":"","button_link_2":"","button_style_secondary_2":true}}},"block_order":["template--16739203023104__e843a1a9-a404-4c36-8b70-5745cbaed61b-1680106397b4d513bb-2"],"settings":{"desktop_content_position":"center","content_alignment":"center","color_scheme":"background-2","full_width":true,"padding_top":8,"padding_bottom":12}},"404dd3d3-3bda-425d-b698-c6bd9c3faaed":{"type":"multirow","blocks":{"fed1c0a7-9501-4580-b6e0-e0e423b25d03":{"type":"row","settings":{"image":"shopify:\/\/shop_images\/5DC454BC-1A3F-4CE0-BDA7-D0A836F58966.png","caption":"Frizon | Website Builds","heading":"Shopify URL Creation","text":"","button_label":"Build","button_link":"shopify:\/\/pages\/e-commerce"}},"2f3ffc0e-fbc7-45f9-a3df-89499431134b":{"type":"row","settings":{"image":"shopify:\/\/shop_images\/5188524B-07C1-4CBB-9F67-DC44A1A1A5F1.png","caption":"Frizon | Website Builds","heading":"WiX URL Creation","text":"","button_label":"Build","button_link":"shopify:\/\/pages\/wix-website-build"}},"template--16739203023104__404dd3d3-3bda-425d-b698-c6bd9c3faaed-167882984973a73c36-1":{"type":"row","settings":{"image":"shopify:\/\/shop_images\/97AAB578-2F28-4339-B680-3F37B08489F0.png","caption":"Frizon | iOS App Builds","heading":"iOS Application Development","text":"","button_label":"Build","button_link":"shopify:\/\/pages\/ios-app-build"}},"template--16739203023104__404dd3d3-3bda-425d-b698-c6bd9c3faaed-167882984973a73c36-0":{"type":"row","settings":{"image":"shopify:\/\/shop_images\/CD865388-CD4C-4691-83DC-8309780EFEC1.png","caption":"Frizon | eCommerce","heading":"Instagram Shop","text":"","button_label":"Build","button_link":"shopify:\/\/pages\/instagram-shop"}},"template--16739203023104__404dd3d3-3bda-425d-b698-c6bd9c3faaed-167882984973a73c36-2":{"type":"row","settings":{"image":"shopify:\/\/shop_images\/F5C538E2-4C2D-4AD8-B792-58DDC25A2DC3.png","caption":"Frizon | eCOMMERCE","heading":"FaceBook Shop","text":"","button_label":"Build","button_link":"shopify:\/\/pages\/facebook-shop"}},"0c5c8489-ac43-4c62-8ac4-2c8bff215c0f":{"type":"row","settings":{"image":"shopify:\/\/shop_images\/5762C128-6CC5-4461-B640-FF33DFBFBDAD.png","caption":"Frizon | eCommerce","heading":"TikTok Shop","text":"","button_label":"Build","button_link":"shopify:\/\/pages\/tiktok-shopping"}},"4b9d699f-3512-4303-92c9-40bc39cc9367":{"type":"row","settings":{"image":"shopify:\/\/shop_images\/CA2769B8-785C-49CA-8488-785B693BD207.png","caption":"Frizon | eCommerce","heading":"Twitter Shop","text":"","button_label":"Build","button_link":"shopify:\/\/pages\/twitter-shopping"}},"13541df4-e1de-4c20-b899-921bd2ac7c4c":{"type":"row","settings":{"image":"shopify:\/\/shop_images\/8CD54188-02FC-4173-A8F0-E43378155CC9.png","caption":"Frizon | GitHub","heading":"GitHub Business Account","text":"","button_label":"Build","button_link":"shopify:\/\/pages\/github-repository"}}},"block_order":["fed1c0a7-9501-4580-b6e0-e0e423b25d03","2f3ffc0e-fbc7-45f9-a3df-89499431134b","template--16739203023104__404dd3d3-3bda-425d-b698-c6bd9c3faaed-167882984973a73c36-1","template--16739203023104__404dd3d3-3bda-425d-b698-c6bd9c3faaed-167882984973a73c36-0","template--16739203023104__404dd3d3-3bda-425d-b698-c6bd9c3faaed-167882984973a73c36-2","0c5c8489-ac43-4c62-8ac4-2c8bff215c0f","4b9d699f-3512-4303-92c9-40bc39cc9367","13541df4-e1de-4c20-b899-921bd2ac7c4c"],"settings":{"image_height":"adapt","desktop_image_width":"medium","heading_size":"h2","text_style":"subtitle","button_style":"secondary","desktop_content_position":"top","desktop_content_alignment":"left","image_layout":"alternate-left","section_color_scheme":"background-2","row_color_scheme":"background-2","mobile_content_alignment":"center","padding_top":0,"padding_bottom":0}},"55fffef3-ee78-4e4b-95c8-4ff8f8609470":{"type":"multirow","disabled":true,"blocks":{"template--16739203023104__55fffef3-ee78-4e4b-95c8-4ff8f8609470-1680122757e3d7444f-1":{"type":"row","settings":{"image":"shopify:\/\/shop_images\/88748940-B955-4689-924F-E21C2F8543A5.png","caption":"Caption","heading":"Row","text":"<p>Pair text with an image to focus on your chosen product, collection, or blog post. Add details on availability, style, or even provide a review.<\/p>","button_label":"Button label","button_link":""}}},"block_order":["template--16739203023104__55fffef3-ee78-4e4b-95c8-4ff8f8609470-1680122757e3d7444f-1"],"settings":{"image_height":"medium","desktop_image_width":"medium","heading_size":"h1","text_style":"body","button_style":"secondary","desktop_content_position":"middle","desktop_content_alignment":"left","image_layout":"alternate-left","section_color_scheme":"background-2","row_color_scheme":"background-1","mobile_content_alignment":"left","padding_top":36,"padding_bottom":36}},"13468cb4-c685-4fe3-acee-5d4152be15c9":{"type":"image-with-text","blocks":{"template--16739203023104__13468cb4-c685-4fe3-acee-5d4152be15c9-1680627935269c15ff-0":{"type":"heading","settings":{"heading":"","heading_size":"h1"}},"template--16739203023104__13468cb4-c685-4fe3-acee-5d4152be15c9-1680627935269c15ff-1":{"type":"text","settings":{"text":"<p>Code languages for business software development <\/p>","text_style":"body"}},"template--16739203023104__13468cb4-c685-4fe3-acee-5d4152be15c9-1680627935269c15ff-2":{"type":"button","settings":{"button_label":"<code><\/code>","button_link":"shopify:\/\/pages\/xcode"}}},"block_order":["template--16739203023104__13468cb4-c685-4fe3-acee-5d4152be15c9-1680627935269c15ff-0","template--16739203023104__13468cb4-c685-4fe3-acee-5d4152be15c9-1680627935269c15ff-1","template--16739203023104__13468cb4-c685-4fe3-acee-5d4152be15c9-1680627935269c15ff-2"],"settings":{"image":"shopify:\/\/shop_images\/88748940-B955-4689-924F-E21C2F8543A5.png","height":"adapt","desktop_image_width":"medium","layout":"image_first","desktop_content_position":"top","desktop_content_alignment":"left","content_layout":"no-overlap","color_scheme":"background-2","mobile_content_alignment":"left","padding_top":8,"padding_bottom":12}},"456b0ded-ff13-4c62-9c0c-44738b439f48":{"type":"image-with-text","blocks":{"template--16739203023104__456b0ded-ff13-4c62-9c0c-44738b439f48-1680121726aaf3aff8-0":{"type":"heading","settings":{"heading":"","heading_size":"h2"}},"template--16739203023104__456b0ded-ff13-4c62-9c0c-44738b439f48-1680121726aaf3aff8-1":{"type":"text","settings":{"text":"","text_style":"subtitle"}},"template--16739203023104__456b0ded-ff13-4c62-9c0c-44738b439f48-1680121726aaf3aff8-2":{"type":"button","settings":{"button_label":"Onboard","button_link":"shopify:\/\/pages\/log-in"}},"3a04823c-fd88-42f2-be5a-c936b1d85e9b":{"type":"caption","settings":{"caption":"You will receive an email containing the next step","text_style":"subtitle","text_size":"large"}}},"block_order":["template--16739203023104__456b0ded-ff13-4c62-9c0c-44738b439f48-1680121726aaf3aff8-0","template--16739203023104__456b0ded-ff13-4c62-9c0c-44738b439f48-1680121726aaf3aff8-1","template--16739203023104__456b0ded-ff13-4c62-9c0c-44738b439f48-1680121726aaf3aff8-2","3a04823c-fd88-42f2-be5a-c936b1d85e9b"],"settings":{"image":"shopify:\/\/shop_images\/6D64A4BB-733C-418D-8CD8-B69004C29DCE.jpg","height":"adapt","desktop_image_width":"medium","layout":"image_first","desktop_content_position":"top","desktop_content_alignment":"left","content_layout":"no-overlap","color_scheme":"background-2","mobile_content_alignment":"center","padding_top":0,"padding_bottom":0}}},"order":["newsletter","e843a1a9-a404-4c36-8b70-5745cbaed61b","404dd3d3-3bda-425d-b698-c6bd9c3faaed","55fffef3-ee78-4e4b-95c8-4ff8f8609470","13468cb4-c685-4fe3-acee-5d4152be15c9","456b0ded-ff13-4c62-9c0c-44738b439f48"]}