{"sections":{"main":{"type":"main-page","settings":{"padding_top":36,"padding_bottom":0}},"form":{"type":"contact-form","settings":{"heading":"","heading_size":"h1","color_scheme":"background-1","padding_top":0,"padding_bottom":60}},"newsletter":{"type":"newsletter","blocks":{"heading":{"type":"heading","settings":{"heading":"Subscribe to our emails","heading_size":"h1"}},"paragraph":{"type":"paragraph","settings":{"text":"<p>Be the first to know about new collections and exclusive offers.<\/p>"}},"email-form":{"type":"email_form","settings":{}}},"block_order":["heading","paragraph","email-form"],"settings":{"color_scheme":"accent-2","full_width":true,"padding_top":60,"padding_bottom":0}}},"order":["main","form","newsletter"]}