{"sections":{"main":{"type":"main-product","blocks":{"vendor":{"type":"text","settings":{"text":"{{ product.vendor }}","text_style":"body"}},"title":{"type":"title","settings":{}},"rating":{"type":"rating","settings":{}},"price":{"type":"price","settings":{}},"variant_picker":{"type":"variant_picker","settings":{"picker_type":"button"}},"quantity_selector":{"type":"quantity_selector","settings":{}},"buy_buttons":{"type":"buy_buttons","settings":{"show_dynamic_checkout":true}},"description":{"type":"description","settings":{}},"share":{"type":"share","settings":{"share_label":"Share"}}},"block_order":["vendor","title","rating","price","variant_picker","quantity_selector","buy_buttons","description","share"],"settings":{"enable_sticky_info":true,"media_size":"small","gallery_layout":"thumbnail_slider","media_position":"left","mobile_thumbnails":"hide","hide_variants":true,"enable_video_looping":false,"padding_top":60,"padding_bottom":0}},"collapsible-content":{"type":"collapsible-content","blocks":{"collapsible-row-0":{"type":"collapsible_row","settings":{"heading":"Highlights","icon":"star","row_content":"<p>Provide details in each of the collapsible rows to give your customers the information they need to pick the best product. <br\/><br\/>Change the title and icon of each row to suit your brand. <\/p>","page":""}},"collapsible-row-1":{"type":"collapsible_row","settings":{"heading":"Scent","icon":"perfume","row_content":"","page":""}},"collapsible-row-2":{"type":"collapsible_row","settings":{"heading":"Details","icon":"clipboard","row_content":"","page":""}},"collapsible-row-3":{"type":"collapsible_row","settings":{"heading":"Ingredients","icon":"leaf","row_content":"","page":""}}},"block_order":["collapsible-row-0","collapsible-row-1","collapsible-row-2","collapsible-row-3"],"settings":{"caption":"","heading":"Add a title to introduce your product's features","heading_size":"h2","heading_alignment":"left","layout":"section","color_scheme":"background-1","container_color_scheme":"background-2","open_first_collapsible_row":true,"image_ratio":"adapt","desktop_layout":"image_second","padding_top":60,"padding_bottom":60}},"rich-text-0":{"type":"rich-text","blocks":{"heading":{"type":"heading","settings":{"heading":"<p>Feature a compelling customer review about your product or brand.<\/p>","heading_size":"h1"}},"text":{"type":"text","settings":{"text":"<p>- CUSTOMER NAME HERE -<\/p>"}}},"block_order":["heading","text"],"settings":{"desktop_content_position":"center","content_alignment":"center","color_scheme":"accent-2","full_width":true,"padding_top":60,"padding_bottom":60}},"multicolumn":{"type":"multicolumn","blocks":{"column-0":{"type":"column","settings":{"title":"Multicolumn","text":"<p>Use a combination of images and text to share information about this product, and your brand. <\/p>","link_label":"","link":""}},"column-1":{"type":"column","settings":{"title":"Multicolumn","text":"<p>Consider adding information about your shipping and return policies. <\/p>","link_label":"","link":""}},"column-2":{"type":"column","settings":{"title":"Multicolumn","text":"<p>Consider highlighting your environmental  commitments. <\/p>","link_label":"","link":""}},"column-3":{"type":"column","settings":{"title":"Multicolumn","text":"<p>Consider describing a money-back guarantee or highlighting your customer service. <\/p>","link_label":"","link":""}}},"block_order":["column-0","column-1","column-2","column-3"],"settings":{"title":"","heading_size":"h1","image_width":"third","image_ratio":"adapt","columns_desktop":4,"column_alignment":"center","background_style":"none","button_label":"","button_link":"","color_scheme":"accent-2","columns_mobile":"1","swipe_on_mobile":false,"padding_top":0,"padding_bottom":60}},"rich-text-1":{"type":"rich-text","blocks":{"heading":{"type":"heading","settings":{"heading":"<p>Introduce other complementary products.<\/p>","heading_size":"h1"}},"text":{"type":"text","settings":{"text":"<p>DESCRIBE HOW TO PAIR PRODUCTS TOGETHER <\/p>"}}},"block_order":["heading","text"],"settings":{"desktop_content_position":"center","content_alignment":"center","color_scheme":"background-1","full_width":true,"padding_top":60,"padding_bottom":60}},"image-with-text-0":{"type":"image-with-text","blocks":{"heading":{"type":"heading","settings":{"heading":"Image with text","heading_size":"h1"}},"text":{"type":"text","settings":{"text":"<p>Pair text with an image to focus on your chosen product. Add details on availability, style, or even provide a review.<\/p>","text_style":"body"}},"button":{"type":"button","settings":{"button_label":"Shop now","button_link":""}}},"block_order":["heading","text","button"],"settings":{"height":"adapt","desktop_image_width":"medium","layout":"text_first","desktop_content_position":"middle","desktop_content_alignment":"left","content_layout":"no-overlap","color_scheme":"background-2","mobile_content_alignment":"left","padding_top":0,"padding_bottom":60}},"image-with-text-1":{"type":"image-with-text","blocks":{"heading":{"type":"heading","settings":{"heading":"Image with text","heading_size":"h1"}},"text":{"type":"text","settings":{"text":"<p>Pair text with an image to focus on your chosen product. Add details on availability, style, or even provide a review.<\/p>","text_style":"body"}},"button":{"type":"button","settings":{"button_label":"Shop now","button_link":""}}},"block_order":["heading","text","button"],"settings":{"height":"adapt","desktop_image_width":"small","layout":"image_first","desktop_content_position":"middle","desktop_content_alignment":"left","content_layout":"no-overlap","color_scheme":"background-2","mobile_content_alignment":"left","padding_top":0,"padding_bottom":60}},"image-with-text-2":{"type":"image-with-text","blocks":{"heading":{"type":"heading","settings":{"heading":"Image with text","heading_size":"h1"}},"text":{"type":"text","settings":{"text":"<p>Pair text with an image to focus on your chosen product. Add details on availability, style, or even provide a review.<\/p>","text_style":"body"}},"button":{"type":"button","settings":{"button_label":"Shop now","button_link":""}}},"block_order":["heading","text","button"],"settings":{"height":"adapt","desktop_image_width":"medium","layout":"text_first","desktop_content_position":"middle","desktop_content_alignment":"left","content_layout":"no-overlap","color_scheme":"background-2","mobile_content_alignment":"left","padding_top":0,"padding_bottom":60}},"newsletter":{"type":"newsletter","blocks":{"heading":{"type":"heading","settings":{"heading":"Subscribe to our emails","heading_size":"h1"}},"paragraph":{"type":"paragraph","settings":{"text":"<p>Be the first to know about new collections and exclusive offers.<\/p>"}},"email-form":{"type":"email_form","settings":{}}},"block_order":["heading","paragraph","email-form"],"settings":{"color_scheme":"accent-2","full_width":true,"padding_top":60,"padding_bottom":0}},"related-products":{"type":"related-products","settings":{"heading":"You may also like","heading_size":"h2","products_to_show":4,"columns_desktop":4,"color_scheme":"background-1","image_ratio":"portrait","show_secondary_image":true,"show_vendor":false,"show_rating":false,"columns_mobile":"2","padding_top":0,"padding_bottom":60}}},"order":["main","collapsible-content","related-products","rich-text-0","multicolumn","rich-text-1","image-with-text-0","image-with-text-1","image-with-text-2","newsletter"]}