{"name":"t:sections.footer.name","type":"footer","sections":{"footer":{"type":"footer","blocks":{"image":{"type":"image","settings":{"image":"shopify:\/\/shop_images\/460B1FAE-3662-44CF-A780-6B8BD8F69E4B.png","image_width":50,"alignment":"center"}}},"block_order":["image"],"settings":{"color_scheme":"background-1","newsletter_enable":true,"newsletter_heading":"2023 Frizon Co.","enable_follow_on_shop":false,"show_social":true,"enable_country_selector":true,"enable_language_selector":true,"payment_enable":true,"show_policy":true,"margin_top":0,"padding_top":4,"padding_bottom":4}}},"order":["footer"]}